ood manufactured goods,All,$,200000000,1829000000
Imports,2021,16/01/2021,Saturday,All,Non-food manufactured goods,All,$,26000000,1855000000
Imports,2021,17/01/2021,Sunday,All,Non-food manufactured goods,All,$,30000000,1885000000
Imports,2021,18/01/2021,Monday,All,Non-food manufactured goods,All,$,197000000,2082000000
Imports,2021,19/01/2021,Tuesday,All,Non-food manufactured goods,All,$,195000000,2277000000
Imports,2021,20/01/2021,Wednesday,All,Non-food manufactured goods,All,$,155000000,2431000000
Imports,2021,21/01/2021,Thursday,All,Non-food manufactured goods,All,$,173000000,2604000000
Imports,2021,22/01/2021,Friday,All,Non-food manufactured goods,All,$,139000000,2743000000
Imports,2021,23/01/2021,Saturday,All,Non-food manufactured goods,All,$,16000000,2759000000
Imports,2021,24/01/2021,Sunday,All,Non-food manufactured goods,All,$,26000000,2785000000
Imports,2021,25/01/2021,Monday,All,Non-food manufactured goods,All,$,134000000,2919000000
Imports,2021,26/01/2021,Tuesday,All,Non-food manufactured goods,All,$,189000000,3108000000
Imports,2021,27/01/2021,Wednesday,All,Non-food manufactured goods,All,$,168000000,3276000000
Imports,2021,28/01/2021,Thursday,All,Non-food manufactured goods,All,$,206000000,3482000000
Imports,2021,29/01/2021,Friday,All,Non-food manufactured goods,All,$,180000000,3662000000
Imports,2021,30/01/2021,Saturday,All,Non-food manufactured goods,All,$,26000000,3688000000
Imports,2021,31/01/2021,Sunday,All,Non-food manufactured goods,All,$,24000000,3713000000
Imports,2021,01/02/2021,Monday,All,Non-food manufactured goods,All,$,127000000,3839000000
Imports,2021,02/02/2021,Tuesday,All,Non-food manufactured goods,All,$,231000000,4071000000
Imports,2021,03/02/2021,Wednesday,All,Non-food manufactured goods,All,$,249000000,4320000000
Imports,2021,04/02/2021,Thursday,All,Non-food manufactured goods,All,$,0,4320000000
Imports,2021,05/02/2021,Friday,All,Non-food manufactured goods,All,$,154000000,4474000000
Imports,2021,06/02/2021,Saturday,All,Non-food manufactured goods,All,$,17000000,4491000000
Imports,2021,07/02/2021,Sunday,All,Non-food manufactured goods,All,$,29000000,4520000000
Imports,2021,08/02/2021,Monday,All,Non-food manufactured goods,All,$,51000000,4571000000
Imports,2021,09/02/2021,Tuesday,All,Non-food manufactured goods,All,$,190000000,4761000000
Imports,2021,10/02/2021,Wednesday,All,Non-food manufactured goods,All,$,251000000,5012000000
Imports,2021,11/02/2021,Thursday,All,Non-food manufactured goods,All,$,174000000,5187000000
Imports,2021,12/02/2021,Friday,All,Non-food manufactured goods,All,$,167000000,5354000000
Imports,2021,13/02/2021,Saturday,All,Non-food manufactured goods,All,$,15000000,5369000000
Imports,2021,14/02/2021,Sunday,All,Non-food manufactured goods,All,$,20000000,5388000000
Imports,2021,15/02/2021,Monday,All,Non-food manufactured goods,All,$,180000000,5568000000
Imports,2021,16/02/2021,Tuesday,All,Non-food manufactured goods,All,$,211000000,5780000000
Imports,2021,17/02/2021,Wednesday,All,Non-food manufactured goods,All,$,150000000,5930000000
Imports,2021,18/02/2021,Thursday,All,Non-food manufactured goods,All,$,169000000,6098000000
Imports,2021,19/02/2021,Friday,All,Non-food manufactured goods,All,$,185000000,6284000000
Imports,2021,20/02/2021,Saturday,All,Non-food manufactured goods,All,$,13000000,6296000000
Imports,2021,21/02/2021,Sunday,All,Non-food manufactured goods,All,$,24000000,6320000000
Imports,2021,22/02/2021,Monday,All,Non-food manufactured goods,All,$,179000000,6499000000
Imports,2021,23/02/2021,Tuesday,All,Non-food manufactured goods,All,$,146000000,6645000000
Imports,2021,24/02/2021,Wednesday,All,Non-food manufactured goods,All,$,158000000,6803000000
Imports,2021,25/02/2021,Thursday,All,Non-food manufactured goods,All,$,127000000,6931000000
Imports,2021,26/02/2021,Friday,All,Non-food manufactured goods,All,$,143000000,7074000000
Imports,2021,27/02/2021,Saturday,All,Non-food manufactured goods,All,$,16000000,7090000000
Imports,2021,28/02/2021,Sunday,All,Non-food manufactured goods,All,$,23000000,7113000000
Imports,2021,01/03/2021,Monday,All,Non-food manufactured goods,All,$,338000000,7451000000
Imports,2021,02/03/2021,Tuesday,All,Non-food manufactured goods,All,$,199000000,7650000000
Imports,2021,03/03/2021,Wednesday,All,Non-food manufactured goods,All,$,204000000,7854000000
Imports,2021,04/03/2021,Thursday,All,Non-food manufactured goods,All,$,188000000,8042000000
Imports,2021,05/03/2021,Friday,All,Non-food manufactured goods,All,$,158000000,8200000000
Imports,2021,06/03/2021,Saturday,All,Non-food manufactured goods,All,$,27000000,8227000000
Imports,2021,07/03/2021,Sunday,All,Non-food manufactured goods,All,$,27000000,8254000000
Imports,2021,08/03/2021,Monday,All,Non-food manufactured goods,All,$,222000000,8476000000
Imports,2021,09/03/2021,Tuesday,All,Non-food manufactured goods,All,$,201000000,8677000000
Imports,2021,10/03/2021,Wednesday,All,Non-food manufactured goods,All,$,174000000,8851000000
Imports,2021,11/03/2021,Thursday,All,Non-food manufactured goods,All,$,167000000,9018000000
Imports,2021,12/03/2021,Friday,All,Non-food manufactured goods,All,$,138000000,9156000000
Imports,2021,13/03/2021,Saturday,All,Non-food manufactured goods,All,$,16000000,9172000000
Imports,2021,14/03/2021,Sunday,All,Non-food manufactured goods,All,$,25000000,9197000000
Imports,2021,15/03/2021,Monday,All,Non-food manufactured goods,All,$,210000000,9406000000
Imports,2021,16/03/2021,Tuesday,All,Non-food manufactured goods,All,$,178000000,9584000000
Imports,2021,17/03/2021,Wednesday,All,Non-food manufactured goods,All,$,169000000,9753000000
Imports,2021,18/03/2021,Thursday,All,Non-food manufactured goods,All,$,171000000,9924000000
Imports,2021,19/03/2021,Friday,All,Non-food manufactured goods,All,$,170000000,10094000000
Imports,2021,20/03/2021,Saturday,All,Non-food manufactured goods,All,$,23000000,10117000000
Imports,2021,21/03/2021,Sunday,All,Non-food manufactured goods,All,$,33000000,10150000000
Imports,2021,22/03/2021,Monday,All,Non-food manufactured goods,All,$,180000000,10330000000
Imports,2021,23/03/2021,Tuesday,All,Non-food manufactured goods,All,$,157000000,10487000000
Imports,2021,24/03/2021,Wednesday,All,Non-food manufactured goods,All,$,153000000,10640000000
Imports,2021,25/03/2021,Thursday,All,Non-food manufactured goods,All,$,171000000,10811000000
Imports,2021,26/03/2021,Friday,All,Non-food manufactured goods,All,$,139000000,10949000000
Imports,2021,27/03/2021,Saturday,All,Non-food manufactured goods,All,$,18000000,10967000000
Imports,2021,28/03/2021,Sunday,All,Non-food manufactured goods,All,$,26000000,10993000000
Imports,2021,29/03/2021,Monday,All,Non-food manufactured goods,All,$,159000000,11152000000
Imports,2021,30/03/2021,Tuesday,All,Non-food manufactured goods,All,$,187000000,11339000000
Imports,2021,31/03/2021,Wednesday,All,Non-food manufactured goods,All,$,178000000,11516000000
Imports,2021,01/04/2021,Thursday,All,Non-food manufactured goods,All,$,317000000,11833000000
Imports,2021,02/04/2021,Friday,All,Non-food manufactured goods,All,$,23000000,11856000000
Imports,2021,03/04/2021,Saturday,All,Non-food manufactured goods,All,$,14000000,11870000000
Imports,2021,04/04/2021,Sunday,All,Non-food manufactured goods,All,$,35000000,11905000000
Imports,2021,05/04/2021,Monday,All,Non-food manufactured goods,All,$,32000000,11937000000
Imports,2021,06/04/2021,Tuesday,All,Non-food manufactured goods,All,$,207000000,12144000000
Imports,2021,07/04/2021,Wednesday,All,Non-food manufactured goods,All,$,178000000,12322000000
Imports,2021,08/04/2021,Thursday,All,Non-food manufactured goods,All,$,239000000,12561000000
Imports,2021,09/04/2021,Friday,All,Non-food manufactured goods,All,$,173000000,12735000000
Imports,2021,10/04/2021,Saturday,All,Non-food manufactured goods,All,$,20000000,12755000000
Imports,2021,11/04/2021,Sunday,All,Non-food manufactured goods,All,$,30000000,12784000000
Imports,2021,12/04/2021,Monday,All,Non-food manufactured goods,All,$,240000000,13025000000
Imports,2021,13/04/2021,Tuesday,All,Non-food manufactured goods,All,$,236000000,13261000000
Imports,2021,14/04/2021,Wednesday,All,Non-food manufactured goods,All,$,210000000,13470000000
Imports,2021,15/04/2021,Thursday,All,Non-food manufactured goods,All,$,195000000,13666000000
Imports,2021,16/04/2021,Friday,All,Non-food manufactured goods,All,$,152000000,13818000000
Imports,2021,17/04/2021,Saturday,All,Non-food manufactured goods,All,$,21000000,13839000000
Imports,2021,18/04/2021,Sunday,All,Non-food manufactured goods,All,$,33000000,13872000000
Imports,2021,19/04/2021,Monday,All,Non-food manufactured goods,All,$,141000000,14012000000
Imports,2021,20/04/2021,Tuesday,All,Non-food manufactured goods,All,$,185000000,14197000000
Imports,2021,21/04/2021,Wednesday,All,Non-food manufactured goods,All,$,182000000,14380000000
Imports,2021,22/04/2021,Thursday,All,Non-food manufactured goods,All,$,208000000,14588000000
Imports,2021,23/04/2021,Friday,All,Non-food manufactured goods,All,$,127000000,14715000000
Imports,2021,24/04/2021,Saturday,All,Non-food manufactured goods,All,$,12000000,14727000000
Imports,2021,25/04/2021,Sunday,All,Non-food manufactured goods,All,$,21000000,14749000000
Imports,2021,26/04/2021,Monday,All,Non-food manufactured goods,All,$,36000000,14785000000
Imports,2021,27/04/2021,Tuesday,All,Non-food manufactured goods,All,$,194000000,14978000000
Imports,2021,28/04/2021,Wednesday,All,Non-food manufactured goods,All,$,178000000,15156000000
Imports,2021,29/04/2021,Thursday,All,Non-food manufactured goods,All,$,109000000,15265000000
Imports,2021,30/04/2021,Friday,All,Non-food manufactured goods,All,$,131000000,15396000000
Imports,2021,01/05/2021,Saturday,All,Non-food manufactured goods,All,$,106000000,15502000000
Imports,2021,02/05/2021,Sunday,All,Non-food manufactured goods,All,$,56000000,15558000000
Imports,2021,03/05/2021,Monday,All,Non-food manufactured goods,All,$,244000000,15802000000
Imports,2021,04/05/2021,Tuesday,All,Non-food manufactured goods,All,$,151000000,15953000000
Imports,2021,05/05/2021,Wednesday,All,Non-food manufactured goods,All,$,164000000,16117000000
Imports,2021,06/05/2021,Thursday,All,Non-food manufactured goods,All,$,202000000,16319000000
Imports,2021,07/05/2021,Friday,All,Non-food manufactured goods,All,$,151000000,16471000000
Imports,2021,08/05/2021,Saturday,All,Non-food manufactured goods,All,$,16000000,16487000000
Imports,2021,09/05/2021,Sunday,All,Non-food manufactured goods,All,$,36000000,16523000000
Imports,2021,10/05/2021,Monday,All,Non-food manufactured goods,All,$,170000000,16693000000
Imports,2021,11/05/2021,Tuesday,All,Non-food manufactured goods,All,$,197000000,16890000000
Imports,2021,12/05/2021,Wednesday,All,Non-food manufactured goods,All,$,177000000,17066000000
Imports,2021,13/05/2021,Thursday,All,Non-food manufactured goods,All,$,199000000,17265000000
Imports,2021,14/05/2021,Friday,All,Non-food manufactured goods,All,$,200000000,17466000000
Imports,2021,15/05/2021,Saturday,All,Non-food manufactured goods,All,$,14000000,17479000000
Imports,2021,16/05/2021,Sunday,All,Non-food manufactured goods,All,$,30000000,17509000000
Imports,2021,17/05/2021,Monday,All,Non-food manufactured goods,All,$,153000000,17662000000
Imports,2021,18/05/2021,Tuesday,All,Non-food manufactured goods,All,$,186000000,17849000000
Imports,2021,19/05/2021,Wednesday,All,Non-food manufactured goods,All,$,188000000,18036000000
Imports,2021,20/05/2021,Thursday,All,Non-food manufactured goods,All,$,157000000,18194000000
Imports,2021,21/05/2021,Friday,All,Non-food manufactured goods,All,$,209000000,18403000000
Imports,2021,22/05/2021,Saturday,All,Non-food manufactured goods,All,$,21000000,18424000000
Imports,2021,23/05/2021,Sunday,All,Non-food manufactured goods,All,$,24000000,18448000000
Imports,2021,24/05/2021,Monday,All,Non-food manufactured goods,All,$,201000000,18649000000
Imports,2021,25/05/2021,Tuesday,All,Non-food manufactured goods,All,$,177000000,18826000000
Imports,2021,26/05/2021,Wednesday,All,Non-food manufactured goods,All,$,171000000,18997000000
Imports,2021,27/05/2021,Thursday,All,Non-food manufactured goods,All,$,141000000,19138000000
Imports,2021,28/05/2021,Friday,All,Non-food manufactured goods,All,$,172000000,19310000000
Imports,2021,29/05/2021,Saturday,All,Non-food manufactured goods,All,$,19000000,19328000000
Imports,2021,30/05/2021,Sunday,All,Non-food manufactured goods,All,$,25000000,19354000000
Imports,2021,31/05/2021,Monday,All,Non-food manufactured goods,All,$,143000000,19497000000
Imports,2021,01/06/2021,Tuesday,All,Non-food manufactured goods,All,$,308000000,19806000000
Imports,2021,02/06/2021,Wednesday,All,Non-food manufactured goods,All,$,238000000,20044000000
Imports,2021,03/06/2021,Thursday,All,Non-food manufactured goods,All,$,216000000,20259000000
Imports,2021,04/06/2021,Friday,All,Non-food manufactured goods,All,$,192000000,20452000000
Imports,2021,05/06/2021,Saturday,All,Non-food manufactured goods,All,$,16000000,20468000000
Imports,2021,06/06/2021,Sunday,All,Non-food manufactured goods,All,$,34000000,20502000000
Imports,2021,07/06/2021,Monday,All,Non-food manufactured goods,All,$,49000000,20550000000
Imports,2021,08/06/2021,Tuesday,All,Non-food manufactured goods,All,$,226000000,20777000000
Imports,2021,09/06/2021,Wednesday,All,Non-food manufactured goods,All,$,207000000,20983000000
Imports,2021,10/06/2021,Thursday,All,Non-food manufactured goods,All,$,176000000,21159000000
Imports,2021,11/06/2021,Friday,All,Non-food manufactured goods,All,$,218000000,21377000000
Imports,2021,12/06/2021,Saturday,All,Non-food manufactured goods,All,$,18000000,21395000000
Imports,2021,13/06/2021,Sunday,All,Non-food manufactured goods,All,$,39000000,21434000000
Imports,2021,14/06/2021,Monday,All,Non-food manufactured goods,All,$,212000000,21646000000
Imports,2021,15/06/2021,Tuesday,All,Non-food manufactured goods,All,$,227000000,21873000000
Imports,2021,16/06/2021,Wednesday,All,Non-food manufactured goods,All,$,162000000,22035000000
Imports,2021,17/06/2021,Thursday,All,Non-food manufactured goods,All,$,195000000,22230000000
Imports,2021,18/06/2021,Friday,All,Non-food manufactured goods,All,$,147000000,22378000000
Imports,2021,19/06/2021,Saturday,All,Non-food manufactured goods,All,$,15000000,22392000000
Imports,2021,20/06/2021,Sunday,All,Non-food manufactured goods,All,$,34000000,22426000000
Imports,2021,21/06/2021,Monday,All,Non-food manufactured goods,All,$,188000000,22615000000
Imports,2021,22/06/2021,Tuesday,All,Non-food manufactured goods,All,$,221000000,22836000000
Imports,2021,23/06/2021,Wednesday,All,Non-food manufactured goods,All,$,178000000,23013000000
Imports,2021,24/06/2021,Thursday,All,Non-food manufactured goods,All,$,173000000,23187000000
Imports,2021,25/06/2021,Friday,All,Non-food manufactured goods,All,$,206000000,23393000000
Imports,2021,26/06/2021,Saturday,All,Non-food manufactured goods,All,$,18000000,23411000000
Imports,2021,27/06/2021,Sunday,All,Non-food manufactured goods,All,$,30000000,23441000000
Imports,2021,28/06/2021,Monday,All,Non-food manufactured goods,All,$,211000000,23652000000
Imports,2021,29/06/2021,Tuesday,All,Non-food manufactured goods,All,$,157000000,23808000000
Imports,2021,30/06/2021,Wednesday,All,Non-food manufactured goods,All,$,135000000,23944000000
Imports,2021,01/07/2021,Thursday,All,Non-food manufactured goods,All,$,294000000,24238000000
Imports,2021,02/07/2021,Friday,All,Non-food manufactured goods,All,$,191000000,24429000000
Imports,2021,03/07/2021,Saturday,All,Non-food manufactured goods,All,$,23000000,24452000000
Imports,2021,04/07/2021,Sunday,All,Non-food manufactured goods,All,$,28000000,24480000000
Imports,2021,05/07/2021,Monday,All,Non-food manufactured goods,All,$,189000000,24669000000
Imports,2021,06/07/2021,Tuesday,All,Non-food manufactured goods,All,$,200000000,24869000000
Imports,2021,07/07/2021,Wednesday,All,Non-food manufactured goods,All,$,194000000,25063000000
Imports,2021,08/07/2021,Thursday,All,Non-food manufactured goods,All,$,177000000,25241000000
Imports,2021,09/07/2021,Friday,All,Non-food manufactured goods,All,$,190000000,25431000000
Imports,2021,10/07/2021,Saturday,All,Non-food manufactured goods,All,$,29000000,25460000000
Imports,2021,11/07/2021,Sunday,All,Non-food manufactured goods,All,$,28000000,25488000000
Imports,2021,12/07/2021,Monday,All,Non-food manufactured goods,All,$,186000000,25674000000
Imports,2021,13/07/2021,Tuesday,All,Non-food manufactured goods,All,$,252000000,25926000000
Imports,2021,14/07/2021,Wednesday,All,Non-food manufactured goods,All,$,159000000,26085000000
Imports,2021,15/07/2021,Thursday,All,Non-food manufactured goods,All,$,190000000,26275000000
Imports,2021,16/07/2021,Friday,All,Non-food manufactured goods,All,$,247000000,26522000000
Imports,2021,17/07/2021,Saturday,All,Non-food manufactured goods,All,$,19000000,26541000000
Imports,2021,18/07/2021,Sunday,All,Non-food manufactured goods,All,$,38000000,26579000000
Imports,2021,19/07/2021,Monday,All,Non-food manufactured goods,All,$,225000000,26804000000
Imports,2021,20/07/2021,Tuesday,All,Non-food manufactured goods,All,$,262000000,27066000000
Imports,2021,21/07/2021,Wednesday,All,Non-food manufactured goods,All,$,223000000,27289000000
Imports,2021,22/07/2021,Thursday,All,Non-food manufactured goods,All,$,172000000,27461000000
Imports,2021,23/07/2021,Friday,All,Non-food manufactured goods,All,$,149000000,27610000000
Imports,2021,24/07/2021,Saturday,All,Non-food manufactured goods,All,$,30000000,27640000000
Imports,2021,25/07/2021,Sunday,All,Non-food manufactured goods,All,$,27000000,27667000000
Imports,2021,26/07/2021,Monday,All,Non-food manufactured goods,All,$,194000000,27861000000
Imports,2021,27/07/2021,Tuesday,All,Non-food manufactured goods,All,$,164000000,28025000000
Imports,2021,28/07/2021,Wednesday,All,Non-food manufactured goods,All,$,196000000,28221000000
Imports,2021,29/07/2021,Thursday,All,Non-food manufactured goods,All,$,197000000,28418000000
Imports,2021,30/07/2021,Friday,All,Non-food manufactured goods,All,$,178000000,28595000000
Imports,2021,31/07/2021,Saturday,All,Non-food manufactured goods,All,$,38000000,28633000000
Imports,2021,01/08/2021,Sunday,All,Non-food manufactured goods,All,$,118000000,28751000000
Imports,2021,02/08/2021,Monday,All,Non-food manufactured goods,All,$,282000000,29033000000
Imports,2021,03/08/2021,Tuesday,All,Non-food manufactured goods,All,$,245000000,29279000000
Imports,2021,04/08/2021,Wednesday,All,Non-food manufactured goods,All,$,178000000,29457000000
Imports,2021,05/08/2021,Thursday,All,Non-food manufactured goods,All,$,187000000,29644000000
Imports,2021,06/08/2021,Friday,All,Non-food manufactured goods,All,$,195000000,29839000000
Imports,2021,07/08/2021,Saturday,All,Non-food manufactured goods,All,$,16000000,29855000000
Imports,2021,08/08/2021,Sunday,All,Non-food manufactured goods,All,$,33000000,29888000000
Imports,2021,09/08/2021,Monday,All,Non-food manufactured goods,All,$,217000000,30105000000
Imports,2021,10/08/2021,Tuesday,All,Non-food manufactured goods,All,$,229000000,30334000000
Imports,2021,11/08/2021,Wednesday,All,Non-food manufactured goods,All,$,221000000,30555000000
Imports,2021,12/08/2021,Thursday,All,Non-food manufactured goods,All,$,249000000,30804000000
Imports,2021,13/08/2021,Friday,All,Non-food manufactured goods,All,$,216000000,31020000000
Imports,2021,14/08/2021,Saturday,All,Non-food manufactured goods,All,$,33000000,31053000000
Imports,2021,15/08/2021,Sunday,All,Non-food manufactured goods,All,$,31000000,31085000000
Imports,2021,16/08/2021,Monday,All,Non-food manufactured goods,All,$,200000000,31284000000
Imports,2021,17/08/2021,Tuesday,All,Non-food manufactured goods,All,$,254000000,31539000000
Imports,2021,18/08/2021,Wednesday,All,Non-food manufactured goods,All,$,204000000,31743000000
Imports,2021,19/08/2021,Thursday,All,Non-food manufactured goods,All,$,181000000,31924000000
Imports,2021,20/08/2021,Friday,All,Non-food manufactured goods,All,$,207000000,32131000000
Imports,2021,21/08/2021,Saturday,All,Non-food manufactured goods,All,$,27000000,32158000000
Imports,2021,22/08/2021,Sunday,All,Non-food manufactured goods,All,$,41000000,32199000000
Imports,2021,23/08/2021,Monday,All,Non-food manufactured goods,All,$,222000000,32421000000
Imports,2021,24/08/2021,Tuesday,All,Non-food manufactured goods,All,$,171000000,32592000000
Imports,2021,25/08/2021,Wednesday,All,Non-food manufactured goods,All,$,209000000,32801000000
Imports,2021,26/08/2021,Thursday,All,Non-food manufactured goods,All,$,190000000,32991000000
Imports,2021,27/08/2021,Friday,All,Non-food manufactured goods,All,$,164000000,33156000000
Imports,2021,28/08/2021,Saturday,All,Non-food manufactured goods,All,$,28000000,33183000000
Imports,2021,29/08/2021,Sunday,All,Non-food manufactured goods,All,$,31000000,33214000000
Imports,2021,30/08/2021,Monday,All,Non-food manufactured goods,All,$,252000000,33467000000
Imports,2021,31/08/2021,Tuesday,All,Non-food manufactured goods,All,$,138000000,33605000000
Imports,2021,01/09/2021,Wednesday,All,Non-food manufactured goods,All,$,359000000,33964000000
Imports,2021,02/09/2021,Thursday,All,Non-food manufactured goods,All,$,227000000,34191000000
Imports,2021,03/09/2021,Friday,All,Non-food manufactured goods,All,$,229000000,34420000000
Imports,2021,04/09/2021,Saturday,All,Non-food manufactured goods,All,$,25000000,34444000000
Imports,2021,05/09/2021,Sunday,All,Non-food manufactured goods,All,$,30000000,34475000000
Imports,2021,06/09/2021,Monday,All,Non-food manufactured goods,All,$,234000000,34708000000
Imports,2021,07/09/2021,Tuesday,All,Non-food manufactured goods,All,$,234000000,34943000000
Imports,2021,08/09/2021,Wednesday,All,Non-food manufactured goods,All,$,179000000,35122000000
Imports,2021,09/09/2021,Thursday,All,Non-food manufactured goods,All,$,261000000,35383000000
Imports,2021,10/09/2021,Friday,All,Non-food manufactured goods,All,$,196000000,35579000000
Imports,2021,11/09/2021,Saturday,All,Non-food manufactured goods,All,$,22000000,35601000000
Imports,2021,12/09/2021,Sunday,All,Non-food manufactured goods,All,$,38000000,35638000000
Imports,2021,13/09/2021,Monday,All,Non-food manufactured goods,All,$,208000000,35847000000
Imports,2021,14/09/2021,Tuesday,All,Non-food manufactured goods,All,$,242000000,36089000000
Imports,2021,15/09/2021,Wednesday,All,Non-food manufactured goods,All,$,204000000,36293000000
Imports,2021,16/09/2021,Thursday,All,Non-food manufactured goods,All,$,250000000,36543000000
Imports,2021,17/09/2021,Friday,All,Non-food manufactured goods,All,$,222000000,36765000000
Imports,2021,18/09/2021,Saturday,All,Non-food manufactured goods,All,$,17000000,36782000000
Imports,2021,19/09/2021,Sunday,All,Non-food manufactured goods,All,$,53000000,36836000000
Imports,2021,20/09/2021,Monday,All,Non-food manufactured goods,All,$,248000000,37084000000
Imports,2021,21/09/2021,Tuesday,All,Non-food manufactured goods,All,$,263000000,37347000000
Imports,2021,22/09/2021,Wednesday,All,Non-food manufactured goods,All,$,211000000,37558000000
Imports,2021,23/09/2021,Thursday,All,Non-food manufactured goods,All,$,233000000,37791000000
Imports,2021,24/09/2021,Friday,All,Non-food manufactured goods,All,$,175000000,37966000000
Imports,2021,25/09/2021,Saturday,All,Non-food manufactured goods,All,$,30000000,37996000000
Imports,2021,26/09/2021,Sunday,All,Non-food manufactured goods,All,$,45000000,38041000000
Imports,2021,27/09/2021,Monday,All,Non-food manufactured goods,All,$,202000000,38243000000
Imports,2021,28/09/2021,Tuesday,All,Non-food manufactured goods,All,$,174000000,38417000000
Imports,2021,29/09/2021,Wednesday,All,Non-food manufactured goods,All,$,155000000,38572000000
Imports,2021,30/09/2021,Thursday,All,Non-food manufactured goods,All,$,157000000,38729000000
Imports,2021,01/10/2021,Friday,All,Non-food manufactured goods,All,$,308000000,39037000000
Imports,2021,02/10/2021,Saturday,All,Non-food manufactured goods,All,$,15000000,39052000000
Imports,2021,03/10/2021,Sunday,All,Non-food manufactured goods,All,$,42000000,39094000000
Imports,2021,04/10/2021,Monday,All,Non-food manufactured goods,All,$,179000000,39273000000
Imports,2021,05/10/2021,Tuesday,All,Non-food manufactured goods,All,$,238000000,39511000000
Imports,2021,06/10/2021,Wednesday,All,Non-food manufactured goods,All,$,219000000,39730000000
Imports,2021,07/10/2021,Thursday,All,Non-food manufactured goods,All,$,218000000,39948000000
Imports,2021,08/10/2021,Friday,All,Non-food manufactured goods,All,$,228000000,40177000000
Imports,2021,09/10/2021,Saturday,All,Non-food manufactured goods,All,$,23000000,40200000000
Imports,2021,10/10/2021,Sunday,All,Non-food manufactured goods,All,$,44000000,40244000000
Imports,2021,11/10/2021,Monday,All,Non-food manufactured goods,All,$,217000000,40460000000
Imports,2021,12/10/2021,Tuesday,All,Non-food manufactured goods,All,$,218000000,40678000000
Imports,2021,13/10/2021,Wednesday,All,Non-food manufactured goods,All,$,227000000,40906000000
Imports,2021,14/10/2021,Thursday,All,Non-food manufactured goods,All,$,210000000,41116000000
Imports,2021,15/10/2021,Friday,All,Non-food manufactured goods,All,$,181000000,41297000000
Imports,2021,16/10/2021,Saturday,All,Non-food manufactured goods,All,$,29000000,41325000000
Imports,2021,17/10/2021,Sunday,All,Non-food manufactured goods,All,$,46000000,41371000000
Imports,2021,18/10/2021,Monday,All,Non-food manufactured goods,All,$,186000000,41557000000
Imports,2021,19/10/2021,Tuesday,All,Non-food manufactured goods,All,$,175000000,41732000000
Imports,2021,20/10/2021,Wednesday,All,Non-food manufactured goods,All,$,205000000,41937000000
Imports,2021,21/10/2021,Thursday,All,Non-food manufactured goods,All,$,338000000,42275000000
Imports,2021,22/10/2021,Friday,All,Non-food manufactured goods,All,$,318000000,42593000000
Imports,2021,23/10/2021,Saturday,All,Non-food manufactured goods,All,$,49000000,42642000000
Imports,2021,24/10/2021,Sunday,All,Non-food manufactured goods,All,$,43000000,42686000000
Imports,2021,25/10/2021,Monday,All,Non-food manufactured goods,All,$,48000000,42734000000
Imports,2021,26/10/2021,Tuesday,All,Non-food manufactured goods,All,$,315000000,43049000000
Imports,2021,27/10/2021,Wednesday,All,Non-food manufactured goods,All,$,232000000,43281000000
Imports,2021,28/10/2021,Thursday,All,Non-food manufactured goods,All,$,217000000,43498000000
Imports,2021,29/10/2021,Friday,All,Non-food manufactured goods,All,$,248000000,43746000000
Imports,2021,30/10/2021,Saturday,All,Non-food manufactured goods,All,$,25000000,43771000000
Imports,2021,31/10/2021,Sunday,All,Non-food manufactured goods,All,$,39000000,43811000000
Imports,2021,01/11/2021,Monday,All,Non-food manufactured goods,All,$,306000000,44117000000
Imports,2021,02/11/2021,Tuesday,All,Non-food manufactured goods,All,$,231000000,44348000000
Imports,2021,03/11/2021,Wednesday,All,Non-food manufactured goods,All,$,256000000,44604000000
Imports,2021,04/11/2021,Thursday,All,Non-food manufactured goods,All,$,300000000,44904000000
Imports,2021,05/11/2021,Friday,All,Non-food manufactured goods,All,$,207000000,45110000000
Imports,2021,06/11/2021,Saturday,All,Non-food manufactured goods,All,$,17000000,45127000000
Imports,2021,07/11/2021,Sunday,All,Non-food manufactured goods,All,$,46000000,45173000000
Imports,2021,08/11/2021,Monday,All,Non-food manufactured goods,All,$,202000000,45375000000
Imports,2021,09/11/2021,Tuesday,All,Non-food manufactured goods,All,$,215000000,45590000000
Imports,2021,10/11/2021,Wednesday,All,Non-food manufactured goods,All,$,254000000,45843000000
Imports,2021,11/11/2021,Thursday,All,Non-food manufactured goods,All,$,213000000,46057000000
Imports,2021,12/11/2021,Friday,All,Non-food manufactured goods,All,$,182000000,46239000000
Imports,2021,13/11/2021,Saturday,All,Non-food manufactured goods,All,$,17000000,46256000000
Imports,2021,14/11/2021,Sunday,All,Non-food manufactured goods,All,$,41000000,46297000000
Imports,2021,15/11/2021,Monday,All,Non-food manufactured goods,All,$,220000000,46517000000
Imports,2021,16/11/2021,Tuesday,All,Non-food manufactured goods,All,$,226000000,46743000000
Imports,2021,17/11/2021,Wednesday,All,Non-food manufactured goods,All,$,231000000,46974000000
Imports,2021,18/11/2021,Thursday,All,Non-food manufactured goods,All,$,202000000,47176000000
Imports,2021,19/11/2021,Friday,All,Non-food manufactured goods,All,$,207000000,47382000000
Imports,2021,20/11/2021,Saturday,All,Non-food manufactured goods,All,$,16000000,47399000000
Imports,2021,21/11/2021,Sunday,All,Non-food manufactured goods,All,$,47000000,47446000000
Imports,2021,22/11/2021,Monday,All,Non-food manufactured goods,All,$,245000000,47690000000
Imports,2021,23/11/2021,Tuesday,All,Non-food manufactured goods,All,$,241000000,47931000000
Imports,2021,24/11/2021,Wednesday,All,Non-food manufactured goods,All,$,211000000,48142000000
Imports,2021,25/11/2021,Thursday,All,Non-food manufactured goods,All,$,319000000,48461000000
Imports,2021,26/11/2021,Friday,All,Non-food manufactured goods,All,$,202000000,48663000000
Imports,2021,27/11/2021,Saturday,All,Non-food manufactured goods,All,$,17000000,48680000000
Imports,2021,28/11/2021,Sunday,All,Non-food manufactured goods,All,$,38000000,48718000000
Imports,2021,29/11/2021,Monday,All,Non-food manufactured goods,All,$,191000000,48909000000
Imports,2021,30/11/2021,Tuesday,All,Non-food manufactured goods,All,$,187000000,49096000000
Imports,2021,01/12/2021,Wednesday,All,Non-food manufactured goods,All,$,396000000,49492000000
Imports,2021,02/12/2021,Thursday,All,Non-food manufactured goods,All,$,247000000,49739000000
Imports,2021,03/12/2021,Friday,All,Non-food manufactured goods,All,$,255000000,49994000000
Imports,2021,04/12/2021,Saturday,All,Non-food manufactured goods,All,$,21000000,50015000000
Imports,2021,05/12/2021,Sunday,All,Non-food manufactured goods,All,$,44000000,50059000000
Imports,2021,06/12/2021,Monday,All,Non-food manufactured goods,All,$,235000000,50294000000
Imports,2021,07/12/2021,Tuesday,All,Non-food manufactured goods,All,$,235000000,50529000000
Imports,2021,08/12/2021,Wednesday,All,Non-food manufactured goods,All,$,245000000,50774000000
Imports,2021,09/12/2021,Thursday,All,Non-food manufactured goods,All,$,215000000,50990000000
Imports,2021,10/12/2021,Friday,All,Non-food manufactured goods,All,$,222000000,51212000000
Imports,2021,11/12/2021,Saturday,All,Non-food manufactured goods,All,$,30000000,51241000000
Imports,2021,12/12/2021,Sunday,All,Non-food manufactured goods,All,$,37000000,51278000000
Imports,2021,13/12/2021,Monday,All,Non-food manufactured goods,All,$,290000000,51569000000
Imports,2021,14/12/2021,Tuesday,All,Non-food manufactured goods,All,$,357000000,51926000000
Imports,2021,15/12/2021,Wednesday,All,Non-food manufactured goods,All,$,251000000,52177000000
Reimports,2021,01/01/2021,Friday,All,All,All,$,0,0
Reimports,2021,03/01/2021,Sunday,All,All,All,$,0,0
Reimports,2021,04/01/2021,Monday,All,All,All,$,0,0
Reimports,2021,05/01/2021,Tuesday,All,All,All,$,0,0
Reimports,2021,06/01/2021,Wednesday,All,All,All,$,1000000,2000000
Reimports,2021,07/01/2021,Thursday,All,All,All,$,0,2000000
Reimports,2021,08/01/2021,Friday,All,All,All,$,0,3000000
Reimports,2021,09/01/2021,Saturday,All,All,All,$,0,3000000
Reimports,2021,10/01/2021,Sunday,All,All,All,$,0,3000000
Reimports,2021,11/01/2021,Monday,All,All,All,$,0,3000000
Reimports,2021,12/01/2021,Tuesday,All,All,All,$,0,3000000
Reimports,2021,13/01/2021,Wednesday,All,All,All,$,1000000,4000000
Reimports,2021,14/01/2021,Thursday,All,All,All,$,0,4000000
Reimports,2021,15/01/2021,Friday,All,All,All,$,0,4000000
Reimports,2021,16/01/2021,Saturday,All,All,All,$,0,4000000
Reimports,2021,17/01/2021,Sunday,All,All,All,$,0,4000000
Reimports,2021,18/01/2021,Monday,All,All,All,$,0,5000000
Reimports,2021,19/01/2021,Tuesday,All,All,All,$,0,5000000
Reimports,2021,20/01/2021,Wednesday,All,All,All,$,1000000,5000000
Reimports,2021,21/01/2021,Thursday,All,All,All,$,3000000,9000000
Reimports,2021,22/01/2021,Friday,All,All,All,$,0,9000000
Reimports,2021,23/01/2021,Saturday,All,All,All,$,0,9000000
Reimports,2021,24/01/2021,Sunday,All,All,All,$,0,9000000
Reimports,2021,25/01/2021,Monday,All,All,All,$,5000000,14000000
Reimports,2021,26/01/2021,Tuesday,All,All,All,$,1000000,15000000
Reimports,2021,27/01/2021,Wednesday,All,All,All,$,0,15000000
Reimports,2021,28/01/2021,Thursday,All,All,All,$,0,15000000
Reimports,2021,29/01/2021,Friday,All,All,All,$,1000000,16000000
Reimports,2021,30/01/2021,Saturday,All,All,All,$,0,16000000
Reimports,2021,31/01/2021,Sunday,All,All,All,$,0,16000000
Reimports,2021,01/02/2021,Monday,All,All,All,$,0,16000000
Reimports,2021,02/02/2021,Tuesday,All,All,All,$,1000000,17000000
Reimports,2021,03/02/2021,Wednesday,All,All,All,$,3000000,20000000
Reimports,2021,05/02/2021,Friday,All,All,All,$,2000000,21000000
Reimports,2021,06/02/2021,Saturday,All,All,All,$,0,21000000
Reimports,2021,07/02/2021,Sunday,All,All,All,$,0,21000000
Reimports,2021,08/02/2021,Monday,All,All,All,$,0,21000000
Reimports,2021,09/02/2021,Tuesday,All,All,All,$,0,22000000
Reimports,2021,10/02/2021,Wednesday,All,All,All,$,6000000,27000000
Reimports,2021,11/02/2021,Thursday,All,All,All,$,0,28000000
Reimports,2021,12/02/2021,Friday,All,All,All,$,1000000,28000000
Reimports,2021,13/02/2021,Saturday,All,All,All,$,0,28000000
Reimports,2021,14/02/2021,Sunday,All,All,All,$,0,28000000
Reimports,2021,15/02/2021,Monday,All,All,All,$,2000000,30000000
Reimports,2021,16/02/2021,Tuesday,All,All,All,$,0,31000000
Reimports,2021,17/02/2021,Wednesday,All,All,All,$,1000000,32000000
Reimports,2021,18/02/2021,Thursday,All,All,All,$,0,32000000
Reimports,2021,19/02/2021,Friday,All,All,All,$,1000000,34000000
Reimports,2021,20/02/2021,Saturday,All,All,All,$,0,34000000
Reimports,2021,21/02/2021,Sunday,All,All,All,$,0,34000000
Reimports,2021,22/02/2021,Monday,All,All,All,$,1000000,35000000
Reimports,2021,23/02/2021,Tuesday,All,All,All,$,0,35000000
Reimports,2021,24/02/2021,Wednesday,All,All,All,$,0,35000000
Reimports,2021,25/02/2021,Thursday,All,All,All,$,1000000,36000000
Reimports,2021,26/02/2021,Friday,All,All,All,$,0,36000000
Reimports,2021,27/02/2021,Saturday,All,All,All,$,0,36000000
Reimports,2021,28/02/2021,Sunday,All,All,All,$,0,36000000
Reimports,2021,01/03/2021,Monday,All,All,All,$,1000000,37000000
Reimports,2021,02/03/2021,Tuesday,All,All,All,$,0,37000000
Reimports,2021,03/03/2021,Wednesday,All,All,All,$,0,37000000
Reimports,2021,04/03/2021,Thursday,All,All,All,$,0,37000000
Reimports,2021,05/03/2021,Friday,All,All,All,$,1000000,38000000
Reimports,2021,06/03/2021,Saturday,All,All,All,$,0,38000000
Reimports,2021,07/03/2021,Sunday,All,All,All,$,0,38000000
Reimports,2021,08/03/2021,Monday,All,All,All,$,1000000,39000000
Reimports,2021,09/03/2021,Tuesday,All,All,All,$,1000000,40000000
Reimports,2021,10/03/2021,Wednesday,All,All,All,$,0,40000000
Reimports,2021,11/03/2021,Thursday,All,All,All,$,0,40000000
Reimports,2021,12/03/2021,Friday,All,All,All,$,1000000,42000000
Reimports,2021,13/03/2021,Saturday,All,All,All,$,0,42000000
Reimports,2021,14/03/2021,Sunday,All,All,All,$,0,42000000
Reimports,2021,15/03/2021,Monday,All,All,All,$,0,42000000
Reimports,2021,16/03/2021,Tuesday,All,All,All,$,0,42000000
Reimports,2021,17/03/2021,Wednesday,All,All,All,$,0,42000000
Reimports,2021,18/03/2021,Thursday,All,All,All,$,1000000,43000000
Reimports,2021,19/03/2021,Friday,All,All,All,$,1000000,44000000
Reimports,2021,20/03/2021,Saturday,All,All,All,$,0,44000000
Reimports,2021,21/03/2021,Sunday,All,All,All,$,0,44000000
Reimports,2021,22/03/2021,Monday,All,All,All,$,1000000,45000000
Reimports,2021,23/03/2021,Tuesday,All,All,All,$,1000000,46000000
Reimports,2021,24/03/2021,Wednesday,All,All,All,$,1000000,47000000
Reimports,2021,25/03/2021,Thursday,All,All,All,$,0,47000000
Reimports,2021,26/03/2021,Friday,All,All,All,$,1000000,48000000
Reimports,2021,27/03/2021,Saturday,All,All,All,$,0,48000000
Reimports,2021,28/03/2021,Sunday,All,All,All,$,0,48000000
Reimports,2021,29/03/2021,Monday,All,All,All,$,1000000,49000000
Reimports,2021,30/03/2021,Tuesday,All,All,All,$,0,49000000
Reimports,2021,31/03/2021,Wednesday,All,All,All,$,0,50000000
Reimports,2021,01/04/2021,Thursday,All,All,All,$,0,50000000
Reimports,2021,02/04/2021,Friday,All,All,All,$,0,50000000
Reimports,2021,03/04/2021,Saturday,All,All,All,$,0,50000000
Reimports,2021,04/04/2021,Sunday,All,All,All,$,0,50000000
Reimports,2021,05/04/2021,Monday,All,All,All,$,0,50000000
Reimports,2021,06/04/2021,Tuesday,All,All,All,$,1000000,51000000
Reimports,2021,07/04/2021,Wednesday,All,All,All,$,0,51000000
Reimports,2021,08/04/2021,Thursday,All,All,All,$,0,51000000
Reimports,2021,09/04/2021,Friday,All,All,All,$,1000000,53000000
Reimports,2021,10/04/2021,Saturday,All,All,All,$,0,53000000
Reimports,2021,11/04/2021,Sunday,All,All,All,$,0,53000000
Reimports,2021,12/04/2021,Monday,All,All,All,$,0,53000000
Reimports,2021,13/04/2021,Tuesday,All,All,All,$,1000000,54000000
Reimports,2021,14/04/2021,Wednesday,All,All,All,$,1000000,55000000
Reimports,2021,15/04/2021,Thursday,All,All,All,$,0,55000000
Reimports,2021,16/04/2021,Friday,All,All,All,$,0,56000000
Reimports,2021,17/04/2021,Saturday,All,All,All,$,0,56000000
Reimports,2021,18/04/2021,Sunday,All,All,All,$,0,56000000
Reimports,2021,19/04/2021,Monday,All,All,All,$,0,56000000
Reimports,2021,20/04/2021,Tuesday,All,All,All,$,0,56000000
Reimports,2021,21/04/2021,Wednesday,All,All,All,$,1000000,57000000
Reimports,2021,22/04/2021,Thursday,All,All,All,$,1000000,58000000
Reimports,2021,23/04/2021,Friday,All,All,All,$,0,58000000
Reimports,2021,24/04/2021,Saturday,All,All,All,$,0,58000000
Reimports,2021,25/04/2021,Sunday,All,All,All,$,0,58000000
Reimports,2021,26/04/2021,Monday,All,All,All,$,0,58000000
Reimports,2021,27/04/2021,Tuesday,All,All,All,$,0,58000000
Reimports,2021,28/04/2021,Wednesday,All,All,All,$,0,58000000
Reimports,2021,29/04/2021,Thursday,All,All,All,$,0,59000000
Reimports,2021,30/04/2021,Friday,All,All,All,$,0,59000000
Reimports,2021,01/05/2021,Saturday,All,All,All,$,1000000,59000000
Reimports,2021,02/05/2021,Sunday,All,All,All,$,0,59000000
Reimports,2021,03/05/2021,Monday,All,All,All,$,0,59000000
Reimports,2021,04/05/2021,Tuesday,All,All,All,$,0,60000000
Reimports,2021,05/05/2021,Wednesday,All,All,All,$,1000000,60000000
Reimports,2021,06/05/2021,Thursday,All,All,All,$,0,61000000
Reimports,2021,07/05/2021,Friday,All,All,All,$,0,61000000
Reimports,2021,08/05/2021,Saturday,All,All,All,$,0,61000000
Reimports,2021,09/05/2021,Sunday,All,All,All,$,0,61000000
Reimports,2021,10/05/2021,Monday,All,All,All,$,1000000,62000000
Reimports,2021,11/05/2021,Tuesday,All,All,All,$,0,62000000
Reimports,2021,12/05/2021,Wednesday,All,All,All,$,1000000,63000000
Reimports,2021,13/05/2021,Thursday,All,All,All,$,1000000,63000000
Reimports,2021,14/05/2021,Friday,All,All,All,$,1000000,65000000
Reimports,2021,15/05/2021,Saturday,All,All,All,$,0,65000000
Reimports,2021,16/05/2021,Sunday,All,All,All,$,0,65000000
Reimports,2021,17/05/2021,Monday,All,All,All,$,0,65000000
Reimports,2021,18/05/2021,Tuesday,All,All,All,$,0,65000000
Reimports,2021,19/05/2021,Wednesday,All,All,All,$,0,65000000
Reimports,2021,20/05/2021,Thursday,All,All,All,$,0,65000000
Reimports,2021,21/05/2021,Friday,All,All,All,$,0,66000000
Reimports,2021,22/05/2021,Saturday,All,All,All,$,0,66000000
Reimports,2021,23/05/2021,Sunday,All,All,All,$,0,66000000
Reimports,2021,24/05/2021,Monday,All,All,All,$,0,66000000
Reimports,2021,25/05/2021,Tuesday,All,All,All,$,0,66000000
Reimports,2021,26/05/2021,Wednesday,All,All,All,$,0,66000000
Reimports,2021,27/05/2021,Thursday,All,All,All,$,1000000,67000000
Reimports,2021,28/05/2021,Friday,All,All,All,$,1000000,67000000
Reimports,2021,29/05/2021,Saturday,All,All,All,$,0,68000000
Reimports,2021,30/05/2021,Sunday,All,All,All,$,0,68000000
Reimports,2021,31/05/2021,Monday,All,All,All,$,0,68000000
Reimports,2021,01/06/2021,Tuesday,All,All,All,$,1000000,69000000
Reimports,2021,02/06/2021,Wednesday,All,All,All,$,0,69000000
Reimports,2021,03/06/2021,Thursday,All,All,All,$,1000000,70000000
Reimports,2021,04/06/2021,Friday,All,All,All,$,1000000,71000000
Reimports,2021,05/06/2021,Saturday,All,All,All,$,0,71000000
Reimports,2021,06/06/2021,Sunday,All,All,All,$,0,71000000
Reimports,2021,07/06/2021,Monday,All,All,All,$,0,71000000
Reimports,2021,08/06/2021,Tuesday,All,All,All,$,0,71000000
Reimports,2021,09/06/2021,Wednesday,All,All,All,$,0,72000000
Reimports,2021,10/06/2021,Thursday,All,All,All,$,0,72000000
Reimports,2021,11/06/2021,Friday,All,All,All,$,1000000,73000000
Reimports,2021,12/06/2021,Saturday,All,All,All,$,0,73000000
Reimports,2021,13/06/2021,Sunday,All,All,All,$,1000000,74000000
Reimports,2021,14/06/2021,Monday,All,All,All,$,2000000,75000000
Reimports,2021,15/06/2021,Tuesday,All,All,All,$,1000000,76000000
Reimports,2021,16/06/2021,Wednesday,All,All,All,$,1000000,77000000
Reimports,2021,17/06/2021,Thursday,All,All,All,$,0,77000000
Reimports,2021,18/06/2021,Friday,All,All,All,$,1000000,78000000
Reimports,2021,19/06/2021,Saturday,All,All,All,$,0,78000000
Reimports,2021,20/06/2021,Sunday,All,All,All,$,1000000,79000000
Reimports,2021,21/06/2021,Monday,All,All,All,$,1000000,80000000
Reimports,2021,22/06/2021,Tuesday,All,All,All,$,1000000,81000000
Reimports,2021,23/06/2021,Wednesday,All,All,All,$,0,81000000
Reimports,2021,24/06/2021,Thursday,All,All,All,$,0,82000000
Reimports,2021,25/06/2021,Friday,All,All,All,$,0,82000000
Reimports,2021,26/06/2021,Saturday,All,All,All,$,0,82000000
Reimports,2021,27/06/2021,Sunday,All,All,All,$,0,82000000
Reimports,2021,28/06/2021,Monday,All,All,All,$,1000000,83000000
Reimports,2021,29/06/2021,Tuesday,All,All,All,$,1000000,84000000
Reimports,2021,30/06/2021,Wednesday,All,All,All,$,1000000,85000000
Reimports,2021,01/07/2021,Thursday,All,All,All,$,1000000,86000000
Reimports,2021,02/07/2021,Friday,All,All,All,$,0,86000000
Reimports,2021,03/07/2021,Saturday,All,All,All,$,1000000,87000000
Reimports,2021,04/07/2021,Sunday,All,All,All,$,0,87000000
Reimports,2021,05/07/2021,Monday,All,All,All,$,0,88000000
Reimports,2021,06/07/2021,Tuesday,All,All,All,$,1000000,88000000
Reimports,2021,07/07/2021,Wednesday,All,All,All,$,0,89000000
Reimports,2021,08/07/2021,Thursday,All,All,All,$,1000000,89000000
Reimports,2021,09/07/2021,Friday,All,All,All,$,0,90000000
Reimports,2021,10/07/2021,Saturday,All,All,All,$,0,90000000
Reimports,2021,11/07/2021,Sunday,All,All,All,$,0,90000000
Reimports,2021,12/07/2021,Monday,All,All,All,$,0,90000000
Reimports,2021,13/07/2021,Tuesday,All,All,All,$,1000000,91000000
Reimports,2021,14/07/2021,Wednesday,All,All,All,$,1000000,92000000
Reimports,2021,15/07/2021,Thursday,All,All,All,$,0,92000000
Reimports,2021,16/07/2021,Friday,All,All,All,$,1000000,93000000
Reimports,2021,17/07/2021,Saturday,All,All,All,$,0,93000000
Reimports,2021,18/07/2021,Sunday,All,All,All,$,0,93000000
Reimports,2021,19/07/2021,Monday,All,All,All,$,0,93000000
Reimports,2021,20/07/2021,Tuesday,All,All,All,$,1000000,95000000
Reimports,2021,21/07/2021,Wednesday,All,All,All,$,0,95000000
Reimports,2021,22/07/2021,Thursday,All,All,All,$,0,95000000
Reimports,2021,23/07/2021,Friday,All,All,All,$,0,95000000
Reimports,2021,24/07/2021,Saturday,All,All,All,$,0,95000000
Reimports,2021,25/07/2021,Sunday,All,All,All,$,0,95000000
Reimports,2021,26/07/2021,Monday,All,All,All,$,0,95000000
Reimports,2021,27/07/2021,Tuesday,All,All,All,$,0,96000000
Reimports,2021,28/07/2021,Wednesday,All,All,All,$,1000000,96000000
Reimports,2021,29/07/2021,Thursday,All,All,All,$,0,97000000
Reimports,2021,30/07/2021,Friday,All,All,All,$,1000000,98000000
Reimports,2021,31/07/2021,Saturday,All,All,All,$,0,98000000
Reimports,2021,01/08/2021,Sunday,All,All,All,$,0,98000000
Reimports,2021,02/08/2021,Monday,All,All,All,$,0,98000000
Reimports,2021,03/08/2021,Tuesday,All,All,All,$,5000000,102000000
Reimports,2021,04/08/2021,Wednesday,All,All,All,$,0,103000000
Reimports,2021,05/08/2021,Thursday,All,All,All,$,0,103000000
Reimports,2021,06/08/2021,Friday,All,All,All,$,0,103000000
Reimports,2021,07/08/2021,Saturday,All,All,All,$,0,103000000
Reimports,2021,08/08/2021,Sunday,All,All,All,$,0,103000000
Reimports,2021,09/08/2021,Monday,All,All,All,$,0,103000000
Reimports,2021,10/08/2021,Tuesday,All,All,All,$,0,104000000
Reimports,2021,11/08/2021,Wednesday,All,All,All,$,1000000,104000000
Reimports,2021,12/08/2021,Thursday,All,All,All,$,1000000,106000000
Reimports,2021,13/08/2021,Friday,All,All,All,$,0,106000000
Reimports,2021,14/08/2021,Saturday,All,All,All,$,1000000,107000000
Reimports,2021,15/08/2021,Sunday,All,All,All,$,0,107000000
Reimports,2021,16/08/2021,Monday,All,All,All,$,1000000,108000000
Reimports,2021,17/08/2021,Tuesday,All,All,All,$,0,108000000
Reimports,2021,18/08/2021,Wednesday,All,All,All,$,1000000,109000000
Reimports,2021,19/08/2021,Thursday,All,All,All,$,0,109000000
Reimports,2021,20/08/2021,Friday,All,All,All,$,2000000,111000000
Reimports,2021,21/08/2021,Saturday,All,All,All,$,0,111000000
Reimports,2021,23/08/2021,Monday,All,All,All,$,0,111000000
Reimports,2021,24/08/2021,Tuesday,All,All,All,$,0,111000000
Reimports,2021,25/08/2021,Wednesday,All,All,All,$,1000000,112000000
Reimports,2021,26/08/2021,Thursday,All,All,All,$,0,113000000
Reimports,2021,27/08/2021,Friday,All,All,All,$,2000000,114000000
Reimports,2021,28/08/2021,Saturday,All,All,All,$,0,114000000
Reimports,2021,29/08/2021,Sunday,All,All,All,$,0,114000000
Reimports,2021,30/08/2021,Monday,All,All,All,$,0,115000000
Reimports,2021,31/08/2021,Tuesday,All,All,All,$,0,115000000
Reimports,2021,01/09/2021,Wednesday,All,All,All,$,0,115000000
Reimports,2021,02/09/2021,Thursday,All,All,All,$,0,115000000
Reimports,2021,03/09/2021,Friday,All,All,All,$,2000000,117000000
Reimports,2021,04/09/2021,Saturday,All,All,All,$,0,117000000
Reimports,2021,05/09/2021,Sunday,All,All,All,$,0,117000000
Reimports,2021,06/09/2021,Monday,All,All,All,$,1000000,118000000
Reimports,2021,07/09/2021,Tuesday,All,All,All,$,2000000,120000000
Reimports,2021,08/09/2021,Wednesday,All,All,All,$,0,120000000
Reimports,2021,09/09/2021,Thursday,All,All,All,$,1000000,121000000
Reimports,2021,10/09/2021,Friday,All,All,All,$,0,121000000
Reimports,2021,11/09/2021,Saturday,All,All,All,$,0,121000000
Reimports,2021,12/09/2021,Sunday,All,All,All,$,0,121000000
Reimports,2021,13/09/2021,Monday,All,All,All,$,2000000,123000000
Reimports,2021,14/09/2021,Tuesday,All,All,All,$,1000000,124000000
Reimports,2021,15/09/2021,Wednesday,All,All,All,$,1000000,124000000
Reimports,2021,16/09/2021,Thursday,All,All,All,$,0,124000000
Reimports,2021,17/09/2021,Friday,All,All,All,$,1000000,125000000
Reimports,2021,18/09/2021,Saturday,All,All,All,$,0,125000000
Reimports,2021,19/09/2021,Sunday,All,All,All,$,0,125000000
Reimports,2021,20/09/2021,Monday,All,All,All,$,1000000,126000000
Reimports,2021,21/09/2021,Tuesday,All,All,All,$,1000000,127000000
Reimports,2021,22/09/2021,Wednesday,All,All,All,$,0,127000000
Reimports,2021,23/09/2021,Thursday,All,All,All,$,1000000,128000000
Reimports,2021,24/09/2021,Friday,All,All,All,$,1000000,128000000
Reimports,2021,25/09/2021,Saturday,All,All,All,$,0,128000000
Reimports,2021,26/09/2021,Sunday,All,All,All,$,0,128000000
Reimports,2021,27/09/2021,Monday,All,All,All,$,0,129000000
Reimports,2021,28/09/2021,Tuesday,All,All,All,$,0,129000000
Reimports,2021,29/09/2021,Wednesday,All,All,All,$,1000000,130000000
Reimports,2021,30/09/2021,Thursday,All,All,All,$,1000000,131000000
Reimports,2021,01/10/2021,Friday,All,All,All,$,0,131000000
Reimports,2021,02/10/2021,Saturday,All,All,All,$,0,131000000
Reimports,2021,03/10/2021,Sunday,All,All,All,$,1000000,132000000
Reimports,2021,04/10/2021,Monday,All,All,All,$,0,132000000
Reimports,2021,05/10/2021,Tuesday,All,All,All,$,1000000,132000000
Reimports,2021,06/10/2021,Wednesday,All,All,All,$,1000000,134000000
Reimports,2021,07/10/2021,Thursday,All,All,All,$,0,134000000
Reimports,2021,08/10/2021,Friday,All,All,All,$,0,134000000
Reimports,2021,09/10/2021,Saturday,All,All,All,$,0,134000000
Reimports,2021,10/10/2021,Sunday,All,All,All,$,0,134000000
Reimports,2021,11/10/2021,Monday,All,All,All,$,6000000,140000000
Reimports,2021,12/10/2021,Tuesday,All,All,All,$,1000000,141000000
Reimports,2021,13/10/2021,Wednesday,All,All,All,$,0,141000000
Reimports,2021,14/10/2021,Thursday,All,All,All,$,0,141000000
Reimports,2021,15/10/2021,Friday,All,All,All,$,0,142000000
Reimports,2021,16/10/2021,Saturday,All,All,All,$,0,142000000
Reimports,2021,17/10/2021,Sunday,All,All,All,$,0,142000000
Reimports,2021,18/10/2021,Monday,All,All,All,$,0,142000000
Reimports,2021,19/10/2021,Tuesday,All,All,All,$,0,142000000
Reimports,2021,20/10/2021,Wednesday,All,All,All,$,0,142000000
Reimports,2021,21/10/2021,Thursday,All,All,All,$,0,143000000
Reimports,2021,22/10/2021,Friday,All,All,All,$,1000000,143000000
Reimports,2021,23/10/2021,Saturday,All,All,All,$,0,143000000
Reimports,2021,24/10/2021,Sunday,All,All,All,$,0,143000000
Reimports,2021,25/10/2021,Monday,All,All,All,$,0,144000000
Reimports,2021,26/10/2021,Tuesday,All,All,All,$,0,144000000
Reimports,2021,27/10/2021,Wednesday,All,All,All,$,1000000,145000000
Reimports,2021,28/10/2021,Thursday,All,All,All,$,1000000,146000000
Reimports,2021,29/10/2021,Friday,All,All,All,$,0,146000000
Reimports,2021,30/10/2021,Saturday,All,All,All,$,0,146000000
Reimports,2021,31/10/2021,Sunday,All,All,All,$,0,146000000
Reimports,2021,01/11/2021,Monday,All,All,All,$,1000000,147000000
Reimports,2021,02/11/2021,Tuesday,All,All,All,$,0,148000000
Reimports,2021,03/11/2021,Wednesday,All,All,All,$,1000000,149000000
Reimports,2021,04/11/2021,Thursday,All,All,All,$,0,149000000
Reimports,2021,05/11/2021,Friday,All,All,All,$,1000000,150000000
Reimports,2021,06/11/2021,Saturday,All,All,All,$,0,150000000
Reimports,2021,07/11/2021,Sunday,All,All,All,$,0,150000000
Reimports,2021,08/11/2021,Monday,All,All,All,$,1000000,150000000
Reimports,2021,09/11/2021,Tuesday,All,All,All,$,0,151000000
Reimports,2021,10/11/2021,Wednesday,All,All,All,$,1000000,151000000
Reimports,2021,11/11/2021,Thursday,All,All,All,$,1000000,152000000
Reimports,2021,12/11/2021,Friday,All,All,All,$,0,152000000
Reimports,2021,13/11/2021,Saturday,All,All,All,$,0,153000000
Reimports,2021,14/11/2021,Sunday,All,All,All,$,0,153000000
Reimports,2021,15/11/2021,Monday,All,All,All,$,0,153000000
Reimports,2021,16/11/2021,Tuesday,All,All,All,$,1000000,154000000
Reimports,2021,17/11/2021,Wednesday,All,All,All,$,0,154000000
Reimports,2021,18/11/2021,Thursday,All,All,All,$,0,154000000
Reimports,2021,19/11/2021,Friday,All,All,All,$,0,155000000
Reimports,2021,20/11/2021,Saturday,All,All,All,$,0,155000000
Reimports,2021,21/11/2021,Sunday,All,All,All,$,0,155000000
Reimports,2021,22/11/2021,Monday,All,All,All,$,1000000,156000000
Reimports,2021,23/11/2021,Tuesday,All,All,All,$,1000000,156000000
Reimports,2021,24/11/2021,Wednesday,All,All,All,$,0,157000000
Reimports,2021,25/11/2021,Thursday,All,All,All,$,0,157000000
Reimports,2021,26/11/2021,Friday,All,All,All,$,1000000,158000000
Reimports,2021,27/11/2021,Saturday,All,All,All,$,0,158000000
Reimports,2021,28/11/2021,Sunday,All,All,All,$,0,158000000
Reimports,2021,29/11/2021,Monday,All,All,All,$,1000000,159000000
Reimports,2021,30/11/2021,Tuesday,All,All,All,$,0,159000000
Reimports,2021,01/12/2021,Wednesday,All,All,All,$,0,159000000
Reimports,2021,02/12/2021,Thursday,All,All,All,$,0,159000000
Reimports,2021,03/12/2021,Friday,All,All,All,$,1000000,160000000
Reimports,2021,04/12/2021,Saturday,All,All,All,$,0,160000000
Reimports,2021,05/12/2021,Sunday,All,All,All,$,0,160000000
Reimports,2021,06/12/2021,Monday,All,All,All,$,1000000,161000000
Reimports,2021,07/12/2021,Tuesday,All,All,All,$,0,161000000
Reimports,2021,08/12/2021,Wednesday,All,All,All,$,1000000,162000000
Reimports,2021,09/12/2021,Thursday,All,All,All,$,0,163000000
Reimports,2021,10/12/2021,Friday,All,All,All,$,2000000,165000000
Reimports,2021,11/12/2021,Saturday,All,All,All,$,0,165000000
Reimports,2021,12/12/2021,Sunday,All,All,All,$,0,165000000
Reimports,2021,13/12/2021,Monday,All,All,All,$,2000000,166000000
Reimports,2021,14/12/2021,Tuesday,All,All,All,$,1000000,167000000
Reimports,2021,15/12/2021,Wednesday,All,All,All,$,1000000,168000000
